course_code,course_title_final,college_list,total_negative_posts,total_pain_point_posts,num_clusters,top_issue_labels
AFT2,Accreditation Audit,School of Business,2,1,1,unclear_or_ambiguous_instructions
C100,Introduction to Humanities,Leavitt School of Health; School of Business; School of Education; School of Technology,2,0,0,
C165,Integrated Physical Sciences,Leavitt School of Health; School of Business; School of Education; School of Technology,13,2,2,"assessment_material_misalignment, missing_or_low_quality_materials"
C168,Critical Thinking and Logic,Leavitt School of Health; School of Business; School of Education; School of Technology,1,0,0,
C172,Network and Security - Foundations,School of Business; School of Technology,1,0,0,
C180,Introduction to Psychology,Leavitt School of Health; School of Business; School of Technology,2,1,1,assessment_material_misalignment
C182,Introduction to IT,School of Business; School of Technology,5,0,0,
C190,Introduction to Biology,Leavitt School of Health; School of Business; School of Education; School of Technology,6,3,3,"evaluator_inconsistency_or_poor_feedback, instructor_or_support_unresponsiveness, workflow_or_policy_barriers"
C200,Managing Organizations and Leading People,School of Business,6,4,4,"ai_detection_confusion_and_false_flags, evaluator_inconsistency_or_poor_feedback, missing_or_low_quality_materials"
C201,Business Acumen,School of Business,2,0,0,
C202,Managing Human Capital,School of Business,3,0,0,
C204,Management Communication,School of Business,5,2,2,"missing_or_broken_resources, unclear_or_ambiguous_instructions"
C206,Ethical Leadership,School of Business,1,0,0,
C207,Data-Driven Decision Making,School of Business,16,4,2,"evaluator_inconsistency_or_poor_feedback, assessment_material_misalignment"
C210,Management and Leadership Capstone,School of Business,1,1,1,tooling_environment_misconfiguration_or_guidance
C211,Global Economics for Managers,School of Business,25,6,4,"instructor_or_support_unresponsiveness, assessment_material_misalignment"
C212,Marketing,School of Business,1,1,1,unclear_or_ambiguous_instructions
C213,Accounting for Decision Makers,School of Business,15,4,4,"assessment_material_misalignment, missing_or_broken_resources, proctoring_or_exam_platform_issues"
C214,Financial Management,School of Business,26,8,4,"assessment_material_misalignment, platform_or_environment_failures, missing_or_broken_resources"
C215,Operations Management,School of Business,10,0,0,
C216,MBA Capstone,School of Business,6,2,2,"platform_or_environment_failures, tooling_environment_misconfiguration_or_guidance"
C218,"MBA, Information Technology Management Capstone",School of Business,2,0,0,
C237,Taxation I,School of Business,2,1,1,assessment_material_misalignment
C268,Spreadsheets,School of Business; School of Technology,4,3,2,"external_tool_dependency_risks, platform_or_environment_failures"
C273,Introduction to Sociology,Leavitt School of Health; School of Business,2,0,0,
C458,"Health, Fitness, and Wellness",Leavitt School of Health; School of Business; School of Education; School of Technology,1,1,1,assessment_material_misalignment
C464,Introduction to Communication,Leavitt School of Health; School of Business; School of Education; School of Technology,1,0,0,
C483,Principles of Management,Leavitt School of Health; School of Business; School of Technology,6,2,2,"assessment_material_misalignment, missing_or_low_quality_materials"
C484,Organizational Behavior and Leadership,School of Technology,1,0,0,
C715,Organizational Behavior,Leavitt School of Health; School of Business; School of Technology,3,2,2,"assessment_material_misalignment, missing_or_broken_resources"
C716,Business Communication,School of Business,5,4,3,"unclear_or_ambiguous_instructions, workload_or_scope_issues"
C717,Business Ethics,Leavitt School of Health; School of Business; School of Technology,6,3,2,ai_detection_confusion_and_false_flags
C720,Operations and Supply Chain Management,School of Business,5,0,0,
C721,Change Management,School of Business; School of Technology,1,0,0,
C722,Project Management,School of Business,4,1,1,missing_or_low_quality_materials
C723,Quantitative Analysis For Business,School of Business,9,2,2,"missing_or_broken_resources, workload_or_scope_issues"
C724,Information Systems Management,School of Business; School of Technology,3,0,0,
C773,User Interface Design,School of Technology,3,2,2,"evaluator_inconsistency_or_poor_feedback, workflow_or_policy_barriers"
C777,Web Development Applications,School of Technology,24,9,6,"proctoring_or_exam_platform_issues, assessment_material_misalignment, missing_or_low_quality_materials"
C783,Project Management,School of Technology,1,1,1,evaluator_inconsistency_or_poor_feedback
C803,Data Analytics and Information Governance,Leavitt School of Health; School of Technology,2,1,1,unclear_or_ambiguous_instructions
C805,Pathophysiology,Leavitt School of Health; School of Technology,1,0,0,
C810,Foundations in Healthcare Data Management,Leavitt School of Health; School of Technology,3,1,1,grading_or_answer_key_or_process_issues
C816,Healthcare System Applications,Leavitt School of Health,2,2,2,"assessment_material_misalignment, evaluator_inconsistency_or_poor_feedback"
C843,Managing Information Security,School of Technology,5,4,2,evaluator_inconsistency_or_poor_feedback
C844,Emerging Technologies in Cybersecurity,School of Technology,2,0,0,
C845,Information Systems Security,School of Technology,4,1,1,unclear_or_ambiguous_instructions
C867,Scripting and Programming - Applications,School of Technology,5,1,1,unclear_or_ambiguous_instructions
C927,Managing Technology Operations and Innovation,School of Technology,1,1,1,missing_or_low_quality_materials
C948,Technical Communication,School of Technology,1,1,1,evaluator_inconsistency_or_poor_feedback
C949,Data Structures and Algorithms I,School of Technology,13,4,3,"assessment_material_misalignment, missing_or_low_quality_materials"
C952,Computer Architecture,School of Technology,6,1,1,assessment_material_misalignment
C954,Information Technology Management,School of Technology,2,1,1,assessment_material_misalignment
C955,Applied Probability and Statistics,Leavitt School of Health; School of Business; School of Education; School of Technology,15,0,0,
C957,Applied Algebra,Leavitt School of Health; School of Business; School of Technology,10,1,1,workload_or_scope_issues
C958,Calculus I,School of Technology,3,1,1,workload_or_scope_issues
C959,Discrete Mathematics I,School of Technology,5,3,2,assessment_material_misalignment
C960,Discrete Mathematics II,School of Technology,11,3,2,"assessment_material_misalignment, missing_or_low_quality_materials"
C962,Current and Emerging Technology,School of Technology,1,0,0,
C963,American Politics and the US Constitution,Leavitt School of Health; School of Business; School of Education; School of Technology,5,2,2,instructor_or_support_unresponsiveness
C968,Software I – C#,School of Technology,1,0,0,
C969,Software II – Advanced C#,School of Technology,4,4,3,tooling_environment_misconfiguration_or_guidance
D072,Fundamentals for Success in Business,School of Business,6,2,2,"evaluator_inconsistency_or_poor_feedback, workflow_or_policy_barriers"
D075,Information Technology Management Essentials,School of Business,6,1,1,unclear_or_ambiguous_instructions
D076,Finance Skills for Managers,School of Business,10,2,2,"assessment_material_misalignment, missing_or_low_quality_materials"
D077,"Concepts in Marketing, Sales, and Customer Contact",School of Business,3,1,1,assessment_material_misalignment
D078,Business Environment Applications I: Business Structures and Legal Environment,School of Business,3,2,2,"platform_or_environment_failures, unclear_or_ambiguous_instructions"
D080,Managing in a Global Business Environment,School of Business,16,5,4,"assessment_material_misalignment, scheduling_or_simulation_availability_issues, workflow_or_policy_barriers"
D081,Innovative and Strategic Thinking,School of Business,2,1,1,external_tool_dependency_risks
D082,Emotional and Cultural Intelligence,School of Business,1,0,0,
D089,Principles of Economics,School of Business,4,1,1,assessment_material_misalignment
D099,Sales Management,School of Business,7,1,1,evaluator_inconsistency_or_poor_feedback
D100,Introduction to Spreadsheets,School of Business; School of Technology,2,2,2,"missing_or_low_quality_materials, platform_or_environment_failures"
D101,Cost and Managerial Accounting,School of Business,15,7,4,"missing_or_low_quality_materials, assessment_material_misalignment, ai_detection_confusion_and_false_flags"
D102,Financial Accounting,School of Business,18,3,3,missing_or_low_quality_materials
D103,Intermediate Accounting I,School of Business,15,3,2,"missing_or_low_quality_materials, assessment_material_misalignment"
D174,Marketing Management,School of Business,2,0,0,
D184,Standards-Based Assessment,School of Education,3,1,1,assessment_material_misalignment
D196,Principles of Financial and Managerial Accounting,School of Business,22,9,6,"platform_or_environment_failures, assessment_material_misalignment, unclear_or_ambiguous_instructions"
D197,Version Control,School of Technology,19,11,4,"unclear_or_ambiguous_instructions, platform_or_environment_failures, missing_or_low_quality_materials"
D198,Global Arts and Humanities,Leavitt School of Health; School of Business; School of Education; School of Technology,1,0,0,
D203,Fundamentals of Anatomy and Physiology,Leavitt School of Health,1,1,1,proctoring_or_exam_platform_issues
D216,Business Law for Accountants,School of Business,14,1,1,assessment_material_misalignment
D235,Interprofessional Communication and Leadership in Healthcare,Leavitt School of Health,1,0,0,
D236,Pathophysiology,Leavitt School of Health,1,0,0,
D246,Influential Communication through Visual Design and Storytelling,Leavitt School of Health; School of Business,1,0,0,
D250,Governmental and Nonprofit Accounting,School of Business,1,0,0,
D251,Advanced Auditing,School of Business,1,0,0,
D253,Values-Based Leadership,School of Business,2,0,0,
D255,Professional Practice Experience I: Technical,School of Business,2,1,1,unclear_or_ambiguous_instructions
D265,Critical Thinking: Reason and Evidence,Leavitt School of Health; School of Business; School of Education; School of Technology,12,1,1,assessment_material_misalignment
D267,US History: Stories of American Democracy,School of Business; School of Education,1,0,0,
D268,Introduction to Communication: Connecting with Others,Leavitt School of Health; School of Business; School of Education; School of Technology,6,4,3,"unclear_or_ambiguous_instructions, evaluator_inconsistency_or_poor_feedback, instructor_or_support_unresponsiveness"
D269,Composition: Writing with a Strategy,Leavitt School of Health; School of Business; School of Education; School of Technology,1,0,0,
D270,Composition: Successful Self-Expression,Leavitt School of Health; School of Business; School of Education; School of Technology,2,2,2,"missing_or_broken_resources, workflow_or_policy_barriers"
D276,Web Development Foundations,School of Technology,11,5,4,"platform_or_environment_failures, missing_or_broken_resources, missing_or_low_quality_materials"
D277,Front-End Web Development,School of Technology,14,7,6,"evaluator_inconsistency_or_poor_feedback, instructor_or_support_unresponsiveness, external_tool_dependency_risks"
D278,Scripting and Programming - Foundations,School of Technology,12,7,5,"assessment_material_misalignment, missing_or_low_quality_materials, proctoring_or_exam_platform_issues"
D279,User Interface Design,School of Technology,4,2,2,"missing_or_low_quality_materials, unclear_or_ambiguous_instructions"
D280,JavaScript Programming,School of Technology,14,6,4,"external_tool_dependency_risks, unclear_or_ambiguous_instructions, missing_or_low_quality_materials"
D281,Linux Foundations,School of Technology,8,3,2,"proctoring_or_exam_platform_issues, missing_or_low_quality_materials"
D282,Cloud Foundations,School of Technology,10,2,2,"assessment_material_misalignment, tooling_environment_misconfiguration_or_guidance"
D284,Software Engineering,School of Technology,2,2,2,unclear_or_ambiguous_instructions
D286,Java Fundamentals,School of Technology,8,4,3,"grading_or_answer_key_or_process_issues, assessment_material_misalignment, tooling_environment_misconfiguration_or_guidance"
D287,Java Frameworks,School of Technology,16,11,6,"unclear_or_ambiguous_instructions, missing_or_broken_resources, tooling_environment_misconfiguration_or_guidance"
D288,Back-End Programming,School of Technology,21,9,5,"platform_or_environment_failures, missing_or_broken_resources, unclear_or_ambiguous_instructions"
D294,Learning Technology,School of Education; School of Technology,1,0,0,
D313,Anatomy and Physiology II with Lab,Leavitt School of Health,1,1,1,assessment_material_misalignment
D315,Network and Security - Foundations,School of Technology,7,3,1,assessment_material_misalignment
D316,IT Foundations,School of Technology,7,0,0,
D317,IT Applications,School of Technology,8,2,2,"assessment_material_misalignment, unclear_or_ambiguous_instructions"
D318,Cloud Applications,School of Technology,1,0,0,
D320,Managing Cloud Security,School of Technology,1,0,0,
D322,Introduction to IT,School of Technology,6,2,1,assessment_material_misalignment
D324,Business of IT - Project Management,School of Technology,4,2,2,"missing_or_broken_resources, unclear_or_ambiguous_instructions"
D325,Networks,School of Technology,6,2,2,workflow_or_policy_barriers
D326,Advanced Data Management,School of Technology,1,0,0,
D329,Network and Security - Applications,School of Technology,1,1,1,workflow_or_policy_barriers
D330,Data Systems Administration,School of Technology,4,4,2,assessment_material_misalignment
D333,Ethics in Technology,School of Business; School of Technology,14,5,2,"assessment_material_misalignment, unclear_or_ambiguous_instructions"
D334,Introduction to Cryptography,School of Technology,9,2,2,"assessment_material_misalignment, missing_or_low_quality_materials"
D335,Introduction to Programming in Python,School of Technology,28,7,4,"tooling_environment_misconfiguration_or_guidance, assessment_material_misalignment, evaluator_inconsistency_or_poor_feedback"
D336,Business of IT - Applications,School of Technology,11,3,3,"missing_or_low_quality_materials, proctoring_or_exam_platform_issues, workflow_or_policy_barriers"
D337,Internet of Things (IoT) and Infrastructure,School of Technology,1,0,0,
D339,Technical Communication,School of Technology,1,0,0,
D351,Functions of Human Resource Management,School of Business,8,3,2,assessment_material_misalignment
D355,Total Rewards,School of Business,2,1,1,platform_or_environment_failures
D363,Personal Finance,School of Business,5,3,3,"assessment_material_misalignment, grading_or_answer_key_or_process_issues"
D366,Financial Statement Analysis,School of Business,6,0,0,
D370,IT Leadership Foundations,School of Technology,2,2,2,"missing_or_broken_resources, platform_or_environment_failures"
D372,Introduction to Systems Thinking,School of Technology,3,0,0,
D378,Digital Marketing Science,School of Business,1,1,1,assessment_material_misalignment
D382,Digital Marketing Analytics,School of Business,1,0,0,
D384,Marketing Experiential Capstone,School of Business,1,0,0,
D385,Software Security and Testing,NOT FOUND,8,4,2,"grading_or_answer_key_or_process_issues, unclear_or_ambiguous_instructions"
D386,Hardware and Operating Systems Essentials,School of Technology,1,0,0,
D387,Advanced Java,School of Technology,6,4,2,tooling_environment_misconfiguration_or_guidance
D388,Fundamentals of Spreadsheets and Data Presentations,School of Business; School of Technology,5,3,2,"grading_or_answer_key_or_process_issues, tooling_environment_misconfiguration_or_guidance"
D389,Learning Strategies in Higher Education,Leavitt School of Health,3,2,2,"missing_or_low_quality_materials, unclear_or_ambiguous_instructions"
D391,Healthcare Ecosystems,Leavitt School of Health,1,0,0,
D398,Introduction to Pharmacology,Leavitt School of Health,3,2,2,"assessment_material_misalignment, instructor_or_support_unresponsiveness"
D412,Network Analytics and Troubleshooting,School of Technology,4,3,3,"platform_or_environment_failures, tooling_environment_misconfiguration_or_guidance, unclear_or_ambiguous_instructions"
D413,Telecomm and Wireless Communications,School of Technology,1,1,1,assessment_material_misalignment
D414,Cyber Operations Fundamentals,School of Technology,1,0,0,
D421,Discrete Math: Functions and Relations,School of Technology,1,0,0,
D422,Discrete Math: Algorithms and Cryptography,School of Technology,1,1,1,missing_or_low_quality_materials
D425,Introduction to Chemistry,Leavitt School of Health,1,0,0,
D426,Data Management - Foundations,School of Technology,17,6,3,"assessment_material_misalignment, platform_or_environment_failures, workflow_or_policy_barriers"
D427,Data Management - Applications,School of Technology,29,10,6,"assessment_material_misalignment, platform_or_environment_failures, grading_or_answer_key_or_process_issues"
D430,Fundamentals of Information Security,School of Technology,5,1,1,missing_or_low_quality_materials
D431,Digital Forensics in Cybersecurity,School of Technology,5,0,0,
D432,HR Compliance and Employee Relations,School of Business,2,1,1,missing_or_broken_resources
D434,Future Focused Total Rewards,School of Business,1,0,0,
D435,HR Technology and People Analytics,School of Business,3,0,0,
D464,Managing Operations,School of Business,5,3,3,"assessment_material_misalignment, instructor_or_support_unresponsiveness, platform_or_environment_failures"
D465,Data Applications,School of Business,1,1,1,unclear_or_ambiguous_instructions
D467,Exploring Data,School of Business,2,1,1,assessment_material_misalignment
D479,User Experience Design,School of Technology,1,1,1,workflow_or_policy_barriers
D481,Security Foundations,School of Technology,3,2,2,workflow_or_policy_barriers
D482,Secure Network Design,School of Technology,2,1,1,missing_or_low_quality_materials
D483,Security Operations,School of Technology,7,5,4,"missing_or_broken_resources, unclear_or_ambiguous_instructions, assessment_material_misalignment"
D484,Penetration Testing,School of Technology,1,0,0,
D485,Cloud Security,School of Technology,3,1,1,platform_or_environment_failures
D486,"Governance, Risk, and Compliance",School of Technology,3,2,2,"missing_or_broken_resources, unclear_or_ambiguous_instructions"
D487,Secure Software Design,School of Technology,17,4,3,"assessment_material_misalignment, proctoring_or_exam_platform_issues, unclear_or_ambiguous_instructions"
D488,Cybersecurity Architecture and Engineering,School of Technology,7,1,1,missing_or_broken_resources
D489,Cybersecurity Management,School of Technology,2,1,1,unclear_or_ambiguous_instructions
D490,Cybersecurity Graduate Capstone,School of Technology,2,1,1,evaluator_inconsistency_or_poor_feedback
D491,Introduction to Analytics,School of Technology,2,0,0,
D492,Data Analytics - Applications,School of Technology,1,1,1,platform_or_environment_failures
D493,D493 – Scripting and Programming - Applications,School of Technology,1,1,1,missing_or_low_quality_materials
D522,Python for IT Automation,School of Technology,11,2,2,"instructor_or_support_unresponsiveness, platform_or_environment_failures"
D545,"Healthcare Administration Evolution, Systems, and Leadership",School of Business,2,0,0,
D546,Healthcare Policy and Governance,School of Business,1,1,1,evaluator_inconsistency_or_poor_feedback
D547,Evidence-Based Healthcare Administration,School of Business,1,1,1,unclear_or_ambiguous_instructions
D550,Ethics for Accountants,School of Business,1,0,0,
D551,Fraud and Forensic Accounting,School of Business,1,0,0,
D553,Data Analytics for Accountants II,School of Business,2,1,1,grading_or_answer_key_or_process_issues
D554,Advanced Financial Accounting I,School of Business,1,1,1,missing_or_low_quality_materials
D557,Corporate Taxation,School of Business,1,1,1,unclear_or_ambiguous_instructions
D560,Internal Auditing I,School of Business,1,1,1,assessment_material_misalignment
D564,Theories of Personality,Leavitt School of Health,5,2,2,"platform_or_environment_failures, workflow_or_policy_barriers"
D567,Social Psychology,Leavitt School of Health,1,0,0,
D570,Cognitive Psychology,Leavitt School of Health,3,0,0,
D571,Psychopathology,Leavitt School of Health,4,4,3,"evaluator_inconsistency_or_poor_feedback, assessment_material_misalignment, missing_or_broken_resources"
D572,Career and Lifelong Learning,Leavitt School of Health,1,1,1,unclear_or_ambiguous_instructions
D573,Understanding Substance Abuse & Addiction,Leavitt School of Health,2,2,2,"evaluator_inconsistency_or_poor_feedback, unclear_or_ambiguous_instructions"
D577,Team Dynamics,Leavitt School of Health,1,1,1,scheduling_or_simulation_availability_issues
D582,Introduction to Statistics for Research,Leavitt School of Health,3,0,0,
D583,Foundations in Public Health,Leavitt School of Health,1,0,0,
D596,The Data Analytics Journey,School of Technology,6,4,2,unclear_or_ambiguous_instructions
D597,Data Management,School of Technology,10,4,3,"unclear_or_ambiguous_instructions, missing_or_broken_resources, platform_or_environment_failures"
D598,Analytics Programming,School of Technology,2,1,1,evaluator_inconsistency_or_poor_feedback
D599,Data Preparation and Exploration,School of Technology,3,2,2,"grading_or_answer_key_or_process_issues, missing_or_low_quality_materials"
D600,Statistical Data Mining,School of Technology,3,2,2,"missing_or_low_quality_materials, unclear_or_ambiguous_instructions"
D601,Data Storytelling for Varied Audiences,School of Technology,1,1,1,workflow_or_policy_barriers
D602,D602 – Deployment,School of Technology,12,5,3,"unclear_or_ambiguous_instructions, missing_or_broken_resources, tooling_environment_misconfiguration_or_guidance"
D603,Machine Learning,School of Technology,1,1,1,unclear_or_ambiguous_instructions
D604,Advanced Analytics,School of Technology,3,3,3,"assessment_material_misalignment, tooling_environment_misconfiguration_or_guidance, unclear_or_ambiguous_instructions"
D607,Cloud Databases,School of Technology,1,1,1,unclear_or_ambiguous_instructions
D608,Data Processing,School of Technology,1,1,1,missing_or_broken_resources
D619,Global Health,Leavitt School of Health,1,1,1,unclear_or_ambiguous_instructions
D635,Practices for Inclusive Classrooms,School of Education,3,2,2,"assessment_material_misalignment, unclear_or_ambiguous_instructions"
D644,Foundations of Strategic Communications,School of Business,1,1,1,assessment_material_misalignment
D645,Crafting a Communications Strategy Through Research and Data Insights,School of Business,2,2,2,"missing_or_low_quality_materials, unclear_or_ambiguous_instructions"
D652,Design Applications,School of Business,1,1,1,evaluator_inconsistency_or_poor_feedback
D658,Planning Instructional Strategies for Meaningful Learning,School of Education,3,1,1,unclear_or_ambiguous_instructions
D659,Assessing and Monitoring Student Learning,School of Education,3,3,2,"missing_or_low_quality_materials, scheduling_or_simulation_availability_issues"
D660,Instructional Technology and Online Pedagogy,School of Education,4,4,2,"unclear_or_ambiguous_instructions, evaluator_inconsistency_or_poor_feedback"
D661,Creating Positive Learning Environments,School of Education,4,0,0,
D662,Personalized Learning for Inclusive Classrooms,School of Education,3,1,1,unclear_or_ambiguous_instructions
D663,The Professional Educator,School of Education,2,2,2,unclear_or_ambiguous_instructions
D664,Learners and Learning Science,School of Education,10,4,2,assessment_material_misalignment
D670,Elementary Literacy Methods,School of Education,2,2,2,"missing_or_low_quality_materials, unclear_or_ambiguous_instructions"
D671,Elementary Science Curriculum,School of Education,1,0,0,
D675,Elementary Literacy Methods,School of Education,5,4,2,"missing_or_low_quality_materials, unclear_or_ambiguous_instructions"
D676,Early Literacy Methods,School of Education,3,2,2,"platform_or_environment_failures, scheduling_or_simulation_availability_issues"
D677,Elementary Literacy Curriculum,School of Education,1,1,1,assessment_material_misalignment
D681,Elementary Social Studies Methods,School of Education,1,0,0,
D684,Introduction to Computer Science,School of Technology,3,0,0,
D685,Practical Applications of Prompt,School of Technology,2,1,1,platform_or_environment_failures
D686,Operating Systems for Computer Scientists,School of Technology,3,0,0,
D688,Foundations of Literacy Through Literature,School of Education,3,2,2,evaluator_inconsistency_or_poor_feedback
D689,Literacy Assessment and Interventions,School of Education,1,1,1,workflow_or_policy_barriers
D691,Elementary Mathematics Curriculum,School of Education,2,0,0,
D692,Early Mathematics Methods and Interventions,School of Education,1,0,0,
D696,Foundations of Literacy Through Literature,School of Education,2,2,1,unclear_or_ambiguous_instructions
D697,Literacy Assessment and Interventions,School of Education,1,1,1,missing_or_broken_resources
D699,Elementary Mathematics Curriculum,School of Education,4,0,0,
D756,Individualized Education Plan (IEP) Collaboration and Communication with Parents and School Staff,School of Education,1,1,1,platform_or_environment_failures
D771,Quantitative Literacy,School of Education,2,0,0,
D772,Statistical Data Literacy,School of Education,3,0,0,
D774,Introduction to Business Accounting,School of Business,3,2,2,"missing_or_low_quality_materials, unclear_or_ambiguous_instructions"
D775,Introduction to Business Finance,School of Business,3,1,1,missing_or_low_quality_materials
D776,Healthcare Leadership and Community Engagement,School of Business,1,1,1,missing_or_broken_resources
D779,Software Product Design and Requirement Engineering,School of Technology,1,0,0,
D802,Deep Learning,School of Technology,1,0,0,
D807,General Secondary Methods,School of Education,1,0,0,
D848,General Earth Science I Lab,School of Education,1,1,1,external_tool_dependency_risks
D904,Algebra for Secondary Mathematics Teaching,School of Education,1,1,1,proctoring_or_exam_platform_issues
MGT2,MGT2 – IT Project Management,School of Business,2,1,1,unclear_or_ambiguous_instructions
QHT1,Business Management Tasks,School of Business,2,2,1,missing_or_broken_resources
