normalized_issue_label,course_code,num_posts,num_clusters
ai_detection_confusion_and_false_flags,C200,1,1
ai_detection_confusion_and_false_flags,C717,3,2
ai_detection_confusion_and_false_flags,D101,1,1
assessment_material_misalignment,C165,1,1
assessment_material_misalignment,C180,1,1
assessment_material_misalignment,C207,1,1
assessment_material_misalignment,C211,1,1
assessment_material_misalignment,C213,1,1
assessment_material_misalignment,C214,5,1
assessment_material_misalignment,C237,1,1
assessment_material_misalignment,C458,1,1
assessment_material_misalignment,C483,1,1
assessment_material_misalignment,C715,1,1
assessment_material_misalignment,C777,2,1
assessment_material_misalignment,C816,1,1
assessment_material_misalignment,C949,3,2
assessment_material_misalignment,C952,1,1
assessment_material_misalignment,C954,1,1
assessment_material_misalignment,C959,3,2
assessment_material_misalignment,C960,2,1
assessment_material_misalignment,D076,1,1
assessment_material_misalignment,D077,1,1
assessment_material_misalignment,D080,3,2
assessment_material_misalignment,D089,1,1
assessment_material_misalignment,D101,2,1
assessment_material_misalignment,D103,1,1
assessment_material_misalignment,D184,1,1
assessment_material_misalignment,D196,3,1
assessment_material_misalignment,D216,1,1
assessment_material_misalignment,D265,1,1
assessment_material_misalignment,D278,2,1
assessment_material_misalignment,D282,1,1
assessment_material_misalignment,D286,1,1
assessment_material_misalignment,D313,1,1
assessment_material_misalignment,D315,3,1
assessment_material_misalignment,D317,1,1
assessment_material_misalignment,D322,2,1
assessment_material_misalignment,D330,4,2
assessment_material_misalignment,D333,3,1
assessment_material_misalignment,D334,1,1
assessment_material_misalignment,D335,2,1
assessment_material_misalignment,D351,3,2
assessment_material_misalignment,D363,2,2
assessment_material_misalignment,D378,1,1
assessment_material_misalignment,D398,1,1
assessment_material_misalignment,D413,1,1
assessment_material_misalignment,D426,4,1
assessment_material_misalignment,D427,4,2
assessment_material_misalignment,D464,1,1
assessment_material_misalignment,D467,1,1
assessment_material_misalignment,D483,1,1
assessment_material_misalignment,D487,2,1
assessment_material_misalignment,D560,1,1
assessment_material_misalignment,D571,1,1
assessment_material_misalignment,D604,1,1
assessment_material_misalignment,D635,1,1
assessment_material_misalignment,D644,1,1
assessment_material_misalignment,D664,4,2
assessment_material_misalignment,D677,1,1
evaluator_inconsistency_or_poor_feedback,C190,1,1
evaluator_inconsistency_or_poor_feedback,C200,1,1
evaluator_inconsistency_or_poor_feedback,C207,3,1
evaluator_inconsistency_or_poor_feedback,C773,1,1
evaluator_inconsistency_or_poor_feedback,C783,1,1
evaluator_inconsistency_or_poor_feedback,C816,1,1
evaluator_inconsistency_or_poor_feedback,C843,4,2
evaluator_inconsistency_or_poor_feedback,C948,1,1
evaluator_inconsistency_or_poor_feedback,D072,1,1
evaluator_inconsistency_or_poor_feedback,D099,1,1
evaluator_inconsistency_or_poor_feedback,D268,1,1
evaluator_inconsistency_or_poor_feedback,D277,2,1
evaluator_inconsistency_or_poor_feedback,D335,1,1
evaluator_inconsistency_or_poor_feedback,D490,1,1
evaluator_inconsistency_or_poor_feedback,D546,1,1
evaluator_inconsistency_or_poor_feedback,D571,2,1
evaluator_inconsistency_or_poor_feedback,D573,1,1
evaluator_inconsistency_or_poor_feedback,D598,1,1
evaluator_inconsistency_or_poor_feedback,D652,1,1
evaluator_inconsistency_or_poor_feedback,D660,1,1
evaluator_inconsistency_or_poor_feedback,D688,2,2
external_tool_dependency_risks,C268,2,1
external_tool_dependency_risks,D081,1,1
external_tool_dependency_risks,D277,1,1
external_tool_dependency_risks,D280,3,2
external_tool_dependency_risks,D335,1,1
external_tool_dependency_risks,D848,1,1
grading_or_answer_key_or_process_issues,C810,1,1
grading_or_answer_key_or_process_issues,D286,2,1
grading_or_answer_key_or_process_issues,D363,1,1
grading_or_answer_key_or_process_issues,D385,3,1
grading_or_answer_key_or_process_issues,D388,2,1
grading_or_answer_key_or_process_issues,D427,1,1
grading_or_answer_key_or_process_issues,D553,1,1
grading_or_answer_key_or_process_issues,D599,1,1
instructor_or_support_unresponsiveness,C190,1,1
instructor_or_support_unresponsiveness,C211,5,3
instructor_or_support_unresponsiveness,C777,1,1
instructor_or_support_unresponsiveness,C963,2,2
instructor_or_support_unresponsiveness,D268,1,1
instructor_or_support_unresponsiveness,D277,2,2
instructor_or_support_unresponsiveness,D398,1,1
instructor_or_support_unresponsiveness,D464,1,1
instructor_or_support_unresponsiveness,D522,1,1
missing_or_broken_resources,C204,1,1
missing_or_broken_resources,C213,1,1
missing_or_broken_resources,C214,1,1
missing_or_broken_resources,C715,1,1
missing_or_broken_resources,C723,1,1
missing_or_broken_resources,C777,1,1
missing_or_broken_resources,D270,1,1
missing_or_broken_resources,D276,1,1
missing_or_broken_resources,D287,2,1
missing_or_broken_resources,D288,1,1
missing_or_broken_resources,D324,1,1
missing_or_broken_resources,D370,1,1
missing_or_broken_resources,D427,1,1
missing_or_broken_resources,D432,1,1
missing_or_broken_resources,D483,2,1
missing_or_broken_resources,D486,1,1
missing_or_broken_resources,D488,1,1
missing_or_broken_resources,D571,1,1
missing_or_broken_resources,D597,1,1
missing_or_broken_resources,D602,1,1
missing_or_broken_resources,D608,1,1
missing_or_broken_resources,D697,1,1
missing_or_broken_resources,D776,1,1
missing_or_broken_resources,QHT1,2,1
missing_or_low_quality_materials,C165,1,1
missing_or_low_quality_materials,C200,1,1
missing_or_low_quality_materials,C483,1,1
missing_or_low_quality_materials,C722,1,1
missing_or_low_quality_materials,C777,2,1
missing_or_low_quality_materials,C927,1,1
missing_or_low_quality_materials,C949,1,1
missing_or_low_quality_materials,C960,1,1
missing_or_low_quality_materials,D076,1,1
missing_or_low_quality_materials,D100,1,1
missing_or_low_quality_materials,D101,3,1
missing_or_low_quality_materials,D102,3,3
missing_or_low_quality_materials,D103,2,1
missing_or_low_quality_materials,D197,2,1
missing_or_low_quality_materials,D276,1,1
missing_or_low_quality_materials,D278,2,1
missing_or_low_quality_materials,D279,1,1
missing_or_low_quality_materials,D280,1,1
missing_or_low_quality_materials,D281,1,1
missing_or_low_quality_materials,D287,1,1
missing_or_low_quality_materials,D334,1,1
missing_or_low_quality_materials,D336,1,1
missing_or_low_quality_materials,D389,1,1
missing_or_low_quality_materials,D422,1,1
missing_or_low_quality_materials,D430,1,1
missing_or_low_quality_materials,D482,1,1
missing_or_low_quality_materials,D493,1,1
missing_or_low_quality_materials,D554,1,1
missing_or_low_quality_materials,D599,1,1
missing_or_low_quality_materials,D600,1,1
missing_or_low_quality_materials,D645,1,1
missing_or_low_quality_materials,D659,2,1
missing_or_low_quality_materials,D670,1,1
missing_or_low_quality_materials,D675,2,1
missing_or_low_quality_materials,D774,1,1
missing_or_low_quality_materials,D775,1,1
platform_or_environment_failures,C214,2,2
platform_or_environment_failures,C216,1,1
platform_or_environment_failures,C268,1,1
platform_or_environment_failures,D078,1,1
platform_or_environment_failures,D100,1,1
platform_or_environment_failures,D196,5,4
platform_or_environment_failures,D197,3,2
platform_or_environment_failures,D276,2,1
platform_or_environment_failures,D277,1,1
platform_or_environment_failures,D288,7,3
platform_or_environment_failures,D355,1,1
platform_or_environment_failures,D370,1,1
platform_or_environment_failures,D412,1,1
platform_or_environment_failures,D426,1,1
platform_or_environment_failures,D427,4,2
platform_or_environment_failures,D464,1,1
platform_or_environment_failures,D485,1,1
platform_or_environment_failures,D492,1,1
platform_or_environment_failures,D522,1,1
platform_or_environment_failures,D564,1,1
platform_or_environment_failures,D597,1,1
platform_or_environment_failures,D676,1,1
platform_or_environment_failures,D685,1,1
platform_or_environment_failures,D756,1,1
prerequisite_gaps_or_unpreparedness,C200,1,1
prerequisite_gaps_or_unpreparedness,D287,1,1
proctoring_or_exam_platform_issues,C213,1,1
proctoring_or_exam_platform_issues,C777,3,2
proctoring_or_exam_platform_issues,D101,1,1
proctoring_or_exam_platform_issues,D203,1,1
proctoring_or_exam_platform_issues,D278,1,1
proctoring_or_exam_platform_issues,D281,2,1
proctoring_or_exam_platform_issues,D336,1,1
proctoring_or_exam_platform_issues,D487,1,1
proctoring_or_exam_platform_issues,D904,1,1
scheduling_or_simulation_availability_issues,D080,1,1
scheduling_or_simulation_availability_issues,D577,1,1
scheduling_or_simulation_availability_issues,D659,1,1
scheduling_or_simulation_availability_issues,D676,1,1
tooling_environment_misconfiguration_or_guidance,C210,1,1
tooling_environment_misconfiguration_or_guidance,C216,1,1
tooling_environment_misconfiguration_or_guidance,C969,4,3
tooling_environment_misconfiguration_or_guidance,D278,1,1
tooling_environment_misconfiguration_or_guidance,D282,1,1
tooling_environment_misconfiguration_or_guidance,D286,1,1
tooling_environment_misconfiguration_or_guidance,D287,2,2
tooling_environment_misconfiguration_or_guidance,D335,3,1
tooling_environment_misconfiguration_or_guidance,D387,4,2
tooling_environment_misconfiguration_or_guidance,D388,1,1
tooling_environment_misconfiguration_or_guidance,D412,1,1
tooling_environment_misconfiguration_or_guidance,D602,1,1
tooling_environment_misconfiguration_or_guidance,D604,1,1
unclear_or_ambiguous_instructions,AFT2,1,1
unclear_or_ambiguous_instructions,C204,1,1
unclear_or_ambiguous_instructions,C212,1,1
unclear_or_ambiguous_instructions,C716,3,2
unclear_or_ambiguous_instructions,C803,1,1
unclear_or_ambiguous_instructions,C845,1,1
unclear_or_ambiguous_instructions,C867,1,1
unclear_or_ambiguous_instructions,D075,1,1
unclear_or_ambiguous_instructions,D078,1,1
unclear_or_ambiguous_instructions,D196,1,1
unclear_or_ambiguous_instructions,D197,6,1
unclear_or_ambiguous_instructions,D255,1,1
unclear_or_ambiguous_instructions,D268,2,1
unclear_or_ambiguous_instructions,D276,1,1
unclear_or_ambiguous_instructions,D277,1,1
unclear_or_ambiguous_instructions,D279,1,1
unclear_or_ambiguous_instructions,D280,2,1
unclear_or_ambiguous_instructions,D284,2,2
unclear_or_ambiguous_instructions,D287,5,1
unclear_or_ambiguous_instructions,D288,1,1
unclear_or_ambiguous_instructions,D317,1,1
unclear_or_ambiguous_instructions,D324,1,1
unclear_or_ambiguous_instructions,D333,2,1
unclear_or_ambiguous_instructions,D385,1,1
unclear_or_ambiguous_instructions,D389,1,1
unclear_or_ambiguous_instructions,D412,1,1
unclear_or_ambiguous_instructions,D465,1,1
unclear_or_ambiguous_instructions,D483,2,2
unclear_or_ambiguous_instructions,D486,1,1
unclear_or_ambiguous_instructions,D487,1,1
unclear_or_ambiguous_instructions,D489,1,1
unclear_or_ambiguous_instructions,D547,1,1
unclear_or_ambiguous_instructions,D557,1,1
unclear_or_ambiguous_instructions,D572,1,1
unclear_or_ambiguous_instructions,D573,1,1
unclear_or_ambiguous_instructions,D596,4,2
unclear_or_ambiguous_instructions,D597,2,1
unclear_or_ambiguous_instructions,D600,1,1
unclear_or_ambiguous_instructions,D602,3,1
unclear_or_ambiguous_instructions,D603,1,1
unclear_or_ambiguous_instructions,D604,1,1
unclear_or_ambiguous_instructions,D607,1,1
unclear_or_ambiguous_instructions,D619,1,1
unclear_or_ambiguous_instructions,D635,1,1
unclear_or_ambiguous_instructions,D645,1,1
unclear_or_ambiguous_instructions,D658,1,1
unclear_or_ambiguous_instructions,D660,3,1
unclear_or_ambiguous_instructions,D662,1,1
unclear_or_ambiguous_instructions,D663,2,2
unclear_or_ambiguous_instructions,D670,1,1
unclear_or_ambiguous_instructions,D675,2,1
unclear_or_ambiguous_instructions,D696,2,1
unclear_or_ambiguous_instructions,D774,1,1
unclear_or_ambiguous_instructions,MGT2,1,1
workflow_or_policy_barriers,C190,1,1
workflow_or_policy_barriers,C773,1,1
workflow_or_policy_barriers,D072,1,1
workflow_or_policy_barriers,D080,1,1
workflow_or_policy_barriers,D270,1,1
workflow_or_policy_barriers,D278,1,1
workflow_or_policy_barriers,D325,2,2
workflow_or_policy_barriers,D329,1,1
workflow_or_policy_barriers,D336,1,1
workflow_or_policy_barriers,D426,1,1
workflow_or_policy_barriers,D479,1,1
workflow_or_policy_barriers,D481,2,2
workflow_or_policy_barriers,D564,1,1
workflow_or_policy_barriers,D601,1,1
workflow_or_policy_barriers,D689,1,1
workload_or_scope_issues,C213,1,1
workload_or_scope_issues,C716,1,1
workload_or_scope_issues,C723,1,1
workload_or_scope_issues,C957,1,1
workload_or_scope_issues,C958,1,1
