post_id,course_code,pred_contains_painpoint,root_cause_summary_pred,pain_point_snippet_pred,confidence_pred,parse_error,schema_error,used_fallback,llm_failure
1k6eaph,C949,n,,,1.0,False,False,False,False
1k6e9jx,C949,n,,,1.0,False,False,False,False
1k66sct,C955,n,,,1.0,False,False,False,False
1k5qft9,D325,y,Second attempt study plan requirements are perceived as excessive and time-consuming.,The sheer amount of time it would consume is insane...,0.9,False,False,False,False
1k5jaj4,D075,n,,,1.0,False,False,False,False
1k5ih86,D421,n,,,0.9,False,False,False,False
1k5du0t,D464,n,,,1.0,False,False,False,False
1k4wr2u,D334,n,,,1.0,False,False,False,False
8rvvxh,C214,n,,,1.0,False,False,False,False
1k1muc7,D483,y,Unclear instructions or evaluator expectations in the Remediation section of the PA Incident Response Report lab.,Question #1: There's a FW policy that allows incoming traffic on this particular port. Am I to delete this FW rule and inject the one the instructions tell me to? ... Question #2 When the instructions tell you to open task manager and right click on the offending EXE... Is there other steps I must take to 'remediate'...,0.8,False,False,False,False
