post_id,split,course_code,contains_painpoint,root_cause_summary,ambiguity_flag,labeler_id,notes
1c0qqf5,DEV,AFT2,y,AFT2 Task1 requirements unclear,0,001,
y8ajxy,DEV,C100,n,,0,001,
1lhtc75,DEV,C165,n,,0,001,
1jzu8xc,DEV,C168,n,,0,001,
10xra7v,DEV,C182,n,,0,001,
1njl7ue,DEV,C190,n,,0,001,
1jsjoqe,DEV,C200,y,ai-checker falsely flags paper,0,001,
1k3xay2,DEV,C200,n,,0,001,
1eo8lcb,DEV,C201,n,,0,001,
1az03au,DEV,C202,n,,0,001,
1ms457r,DEV,C204,n,,0,001,
1iex6mr,DEV,C207,y,PA does not align with OA,0,001,
1mkh7oj,DEV,C207,n,,0,001,
1lxxu02,DEV,C211,n,,0,001,general difficulty
1e93oh1,DEV,C213,y,proctoring process issues,0,001,
1gxkpxj,DEV,C213,y,course video content too long,0,001,
1jtwrw1,DEV,C214,y,PA not loading excel,0,001,
1n1mxvu,DEV,C216,n,,0,001,
1ebk7an,DEV,C268,n,,0,001,
1lqs2it,DEV,C716,y,unclear task3 requirements,0,001,
1nehdt8,DEV,C717,n,,0,001,general struggle
1nujk8s,DEV,C720,n,,0,001,
1fumiuc,DEV,C721,n,,0,001,general test anxiety
1l5jc5c,DEV,C722,n,,0,001,
1ixh1kh,DEV,C723,n,,0,001,course anxiety
1k4stxo,DEV,C724,n,,0,001,general OA difficulty
1dhes6a,DEV,C773,n,,0,001,
1e1597j,DEV,C773,y,unclear task1/2 requirement,0,001,
1ftiqcp,DEV,C777,y,OA access failure,0,001,
1jwepp1,DEV,C777,y,bloated course content,0,001,
1mgm3nv,DEV,C777,n,,0,001,
1d4c101,DEV,C805,n,,0,001,student misunderstood proctor rules
1mg1to5,DEV,C810,n,,0,001,frustration about test answer transparency
1b4ghw4,DEV,C816,n,,0,001,venting
1mj7k93,DEV,C845,n,,0,001,
1egfc3x,DEV,C867,n,,0,001,debugging venting
1iikmkz,DEV,C954,y,PA content not in course materials,0,001,
1ioyh6o,DEV,C954,n,,0,001,
1lubv1n,DEV,C955,n,,0,001,
1anlwx0,DEV,C960,n,,0,001,
1ld5omq,DEV,C960,n,,0,001,
1i63ghc,DEV,D075,n,,0,001,
1jyktr2,DEV,D076,n,,0,001,general difficulty
1l537n0,DEV,D076,n,,0,001,general difficulty
1k7bxvz,DEV,D077,n,,0,001,
1l148gg,DEV,D080,n,,0,001,
1ntr86d,DEV,D100,y,excel glitch during OA,0,001,
owvbew,DEV,D174,n,,0,001,
1ia2ik4,DEV,D196,n,,0,001,general difficulty
17mg4j3,DEV,D197,,,1,001,"difficult - misread instructions, unclear if course issue"
1bco480,DEV,D197,n,,0,001,
1jwbo1e,DEV,D198,n,,0,001,
1gox0qn,DEV,D235,n,,0,001,
16y5q7p,DEV,D276,n,,0,001,
1ewdyzc,DEV,D277,n,,0,001,
1inkepa,DEV,D280,n,,0,001,
19fctbx,DEV,D281,y,proctoring issues,0,001,
1jknuyb,DEV,D281,,,1,001,possible painpoint but screenshot context needed
19fe9bs,DEV,D284,n,,0,001,
1fduqdw,DEV,D286,n,,0,001,
1f38dr6,DEV,D287,y,unclear requirements for task g,0,001,
1aiom4o,DEV,D288,n,,0,001,general difficulty
1mlckhd,DEV,D288,n,,0,001,
1k3ev55,DEV,D315,n,,0,001,general difficulty
1jcv67h,DEV,D317,y,poorly worded unclear practice questions,0,001,
1jr4o1d,DEV,D318,n,,0,001,
1hfe6rb,DEV,D320,n,,0,001,
1jxrtjh,DEV,D322,n,,0,001,
1jwm1ws,DEV,D325,n,,0,001,
1kx3ccr,DEV,D333,n,,0,001,
1k4wr2u,DEV,D334,n,,0,001,
17b02hw,DEV,D335,n,,0,001,
186ysa1,DEV,D335,n,,0,001,
18fnjri,DEV,D335,n,,0,001,
1fkzesb,DEV,D335,n,,0,001,general difficulty
1fppuft,DEV,D335,,,1,001,"could be painpoint, details needed"
1fxu616,DEV,D335,y,unclear OA input handling,0,001,
1gehs7e,DEV,D335,y,unclear OA expectations,0,001,
1gppieo,DEV,D335,n,,0,001,
1j7gd6z,DEV,D335,n,,0,001,
1k9fy44,DEV,D335,n,,0,001,
1kgmrxc,DEV,D335,,,1,001,"painpoint alluded, not explained"
1kix1rt,DEV,D335,n,,0,001,n
1kn24ob,DEV,D335,n,,0,001,
1ktupv7,DEV,D335,n,,0,001,
1ku3tth,DEV,D335,n,,0,001,
1kw95db,DEV,D335,n,,0,001,
1lgei7k,DEV,D335,y,buggy zybooks v2 labs,0,001,
1lggj54,DEV,D335,n,,0,001,
1lnaond,DEV,D335,n,,0,001,
1md42d5,DEV,D335,n,,0,001,general difficulty
1n1u6ui,DEV,D335,n,,0,001,
1n6214z,DEV,D335,n,,0,001,
18ddidg,DEV,D336,n,,0,001,
1jktsyu,DEV,D336,n,,0,001,
1ks8dgt,DEV,D336,n,,0,001,
1blh3rd,DEV,D337,n,,0,001,
1ik4z72,DEV,D339,n,,0,001,
1jxv0no,DEV,D351,y,PA content not covered,0,001,
1fzxlom,DEV,D366,n,,0,001,
1j69qvq,DEV,D370,n,,0,001,
1f61o8r,DEV,D372,n,,0,001,
1kiwaa1,DEV,D385,n,,0,001,
1jj3unz,DEV,D387,y,evaluator using incorrect JDK version,0,001,
1lg6c7x,DEV,D388,,,1,001,"it's not clear what was failed, vs competent"
1ed69s7,DEV,D398,n,,0,001,
190uyvc,DEV,D412,n,,0,001,
1cevchu,DEV,D414,n,,0,001,
1k5ih86,DEV,D421,n,,0,001,
1chxjbd,DEV,D426,n,,0,001,
1kb7dja,DEV,D427,n,,0,001,
1m07p15,DEV,D427,n,,0,001,
1f75s6i,DEV,D430,n,,0,001,
1iwgodh,DEV,D430,n,,0,001,
1b6xdn9,DEV,D432,n,,0,001,
1afszai,DEV,D434,n,,0,001,
1jsn2yz,DEV,D464,y,OA not aligned with course material,0,001,
1kp1esg,DEV,D481,n,,0,001,painpoint not course specific
1mb3tf0,DEV,D482,y,low quality course material,0,001,
1fsl8e3,DEV,D484,n,,0,001,
1m1312p,DEV,D486,n,,0,001,
1jgrupu,DEV,D487,n,,0,001,
1jvzvjq,DEV,D488,n,,0,001,
1hftslm,DEV,D492,y,slow lab environment,0,001,
1l036u3,DEV,D522,n,,0,001,
1iy8p35,DEV,D564,n,,0,001,general difficulty
1mi2by6,DEV,D582,n,,0,001,
1kw0xdw,DEV,D597,n,,0,001,
1jqyi3j,DEV,D602,n,,0,001,
1jt8nwn,DEV,D602,y,provided code errors,0,001,edge case
1lt498j,DEV,D602,n,,0,001,
1k5auv1,DEV,D635,n,,0,001,
1jvuvuc,DEV,D659,y,no available Mursion slots,0,001,
1j79pww,DEV,D660,n,,0,001,
1i1q61u,DEV,D661,n,,0,001,
1ji1r9l,DEV,D664,y,inconsistent CI guidance,0,001,
1jwhsc7,DEV,D696,n,,0,001,
1k0mgp5,DEV,D771,n,,0,001,
1no6jh5,DEV,D775,n,,0,001,
1kno1fw,DEV,MGT2,n,,0,001,
1mab7rm,TEST,C202,n,,0,001,
1lu24vq,TEST,C211,y,OA results delayed,0,001,
1nukhp7,TEST,C213,n,,0,001,
1bdg29w,TEST,C214,n,,0,001,
1moav95,TEST,C214,n,,0,001,
1anlmtd,TEST,C215,n,,0,001,
1b4evif,TEST,C218,n,,0,001,
1mpk66n,TEST,C716,n,,0,001,
10viicz,TEST,C720,n,,0,001,"quizlet answers, not WGU"
1akotp4,TEST,C803,y,unhelpful CI without availability,0,001,
1i9a8fh,TEST,C844,n,,0,001,
1abp4rl,TEST,C867,y,unhelpful instructors,0,001,
1841smz,TEST,C948,y,instructors and assessors conflict,0,001,
1aiwpnx,TEST,C949,n,,0,001,
1itr62r,TEST,C949,n,,0,001,
1du1gzj,TEST,C952,n,,0,001,
1dtmqif,TEST,C959,y,course requires knowing length of months,0,001,
1ihzaqz,TEST,D072,n,,0,001,
1l5mpq6,TEST,D078,n,,0,001,
1fbn54r,TEST,D236,n,,0,001,
1k9xjcw,TEST,D265,y,excessive preassessments before OA retake,0,001,
1g9ebg5,TEST,D268,n,,0,001,
1i0glkr,TEST,D277,n,,0,001,
1imjbds,TEST,D282,y,lab env login issues,0,001,
1jabnim,TEST,D282,n,,0,001,
1j9aq4m,TEST,D284,n,,0,001,
1nh2uyk,TEST,D287,y,prerequisite course doesn't cover material,0,001,
1az61h5,TEST,D315,n,,0,001,
1ftdufr,TEST,D316,n,,0,001,
1kq4gg6,TEST,D316,n,,0,001,
17ksvn8,TEST,D317,y,pearsonvue proctoring preventing OA completion,0,001,
191qzx8,TEST,D324,n,,0,001,
1hw7nev,TEST,D325,n,,0,001,
1c95hsq,TEST,D329,y,instructor imposing extra comptia voucher requirements,0,001,
1kcil5c,TEST,D333,n,,0,001,
1kzj3ym,TEST,D334,n,,0,001,
1gbf2oi,TEST,D335,n,,0,001,
1gc6cg8,TEST,D335,n,,0,001,
1hnrkfm,TEST,D335,n,,0,001,
1k576kv,TEST,D335,n,,0,001,
1ljmjka,TEST,D335,n,,0,001,
1kncci1,TEST,D385,y,incorrect grading on assessment,0,001,
1azs288,TEST,D387,n,,0,001,
1mzecnd,TEST,D389,n,,0,001,
1d4dhp8,TEST,D430,n,,0,001,
1hjrwk1,TEST,D431,n,,0,001,
1jvq8a5,TEST,D435,n,,0,001,
1gs99yf,TEST,D483,n,,0,001,
1kv77vc,TEST,D483,n,,0,001,
1jg98hc,TEST,D485,n,,0,001,
1gsq08t,TEST,D487,n,,0,001,
1jzfuwv,TEST,D571,n,,0,001,
1j845qm,TEST,D596,n,,0,001,
1i5yw8t,TEST,D619,n,,0,001,
1hugzva,TEST,D660,y,task description vague,0,001,
1ld6ya1,TEST,D664,n,,0,001,
1n4svpe,TEST,D675,y,unhelpful instructor,0,001,
1ickc91,TEST,D676,y,Mursion simulation has no slots available,0,001,
1jipj7d,TEST,D686,n,,0,001,
13t1ar6,TEST,D904,y,overly strict proctor,0,001,
