run_slug,model_name,provider,split,prompt_name,prompt,num_examples,tp,fp,fn,tn,precision,recall,f1,accuracy,total_cost_usd,avg_elapsed_sec_per_example,num_parse_errors,num_schema_errors,num_llm_failures,num_fallbacks,is_official,run_tag,run_dir,metrics_path,predictions_path,started_at_epoch,finished_at_epoch,git_commit,git_describe,git_is_dirty,limit,prompt_sha256,raw_io_path,run_id,seed
llama3_s1_zero_fulldev,llama3,ollama,DEV,s1_zero.txt,s1_zero.txt,135,25,58,1,51,0.30120481927710846,0.9615384615384616,0.4587155963302752,0.562962962962963,0.0,3.534400000000001,2,2,0,2,False,dev,artifacts/benchmark/stage1/runs/llama3_s1_zero_fulldev_20251121_031642,artifacts/benchmark/stage1/runs/llama3_s1_zero_fulldev_20251121_031642/metrics_DEV.json,artifacts/benchmark/stage1/runs/llama3_s1_zero_fulldev_20251121_031642/predictions_DEV.csv,1763713002.154668,1763713479.803044,,,,,,,,
llama3_s1_few_fulldev,llama3,ollama,DEV,s1_few.txt,s1_few.txt,135,24,40,2,69,0.375,0.9230769230769231,0.5333333333333333,0.6888888888888889,0.0,4.294637037037037,0,0,0,0,False,dev,artifacts/benchmark/stage1/runs/llama3_s1_few_fulldev_20251121_032440,artifacts/benchmark/stage1/runs/llama3_s1_few_fulldev_20251121_032440/metrics_DEV.json,artifacts/benchmark/stage1/runs/llama3_s1_few_fulldev_20251121_032440/predictions_DEV.csv,1763713480.2121851,1763714060.419324,,,,,,,,
gpt-5-nano_s1_zero_fulldev,gpt-5-nano,openai,DEV,s1_zero.txt,s1_zero.txt,135,26,94,0,15,0.21666666666666667,1.0,0.3561643835616438,0.3037037037037037,0.009062999999999995,14.712874074074065,0,0,0,0,False,dev,artifacts/benchmark/stage1/runs/gpt-5-nano_s1_zero_fulldev_20251121_033420,artifacts/benchmark/stage1/runs/gpt-5-nano_s1_zero_fulldev_20251121_033420/metrics_DEV.json,artifacts/benchmark/stage1/runs/gpt-5-nano_s1_zero_fulldev_20251121_033420/predictions_DEV.csv,1763714060.831548,1763716047.482251,,,,,,,,
gpt-5-nano_s1_few_fulldev,gpt-5-nano,openai,DEV,s1_few.txt,s1_few.txt,135,26,71,0,38,0.26804123711340205,1.0,0.42276422764227645,0.4740740740740741,0.008924000000000003,11.729400000000002,0,0,0,0,False,dev,artifacts/benchmark/stage1/runs/gpt-5-nano_s1_few_fulldev_20251121_040727,artifacts/benchmark/stage1/runs/gpt-5-nano_s1_few_fulldev_20251121_040727/metrics_DEV.json,artifacts/benchmark/stage1/runs/gpt-5-nano_s1_few_fulldev_20251121_040727/predictions_DEV.csv,1763716047.874068,1763717631.7265248,,,,,,,,
gpt-5-mini_s1_zero_fulldev,gpt-5-mini,openai,DEV,s1_zero.txt,s1_zero.txt,135,26,88,0,21,0.22807017543859648,1.0,0.3714285714285714,0.34814814814814815,0.04584599999999999,10.21148148148148,0,0,0,0,False,dev,artifacts/benchmark/stage1/runs/gpt-5-mini_s1_zero_fulldev_20251121_043352,artifacts/benchmark/stage1/runs/gpt-5-mini_s1_zero_fulldev_20251121_043352/metrics_DEV.json,artifacts/benchmark/stage1/runs/gpt-5-mini_s1_zero_fulldev_20251121_043352/predictions_DEV.csv,1763717632.159979,1763719011.079076,,,,,,,,
gpt-5-mini_s1_few_fulldev,gpt-5-mini,openai,DEV,s1_few.txt,s1_few.txt,135,25,53,1,56,0.32051282051282054,0.9615384615384616,0.4807692307692308,0.6,0.04317600000000001,8.199281481481483,0,0,0,0,False,dev,artifacts/benchmark/stage1/runs/gpt-5-mini_s1_few_fulldev_20251121_045651,artifacts/benchmark/stage1/runs/gpt-5-mini_s1_few_fulldev_20251121_045651/metrics_DEV.json,artifacts/benchmark/stage1/runs/gpt-5-mini_s1_few_fulldev_20251121_045651/predictions_DEV.csv,1763719011.3685,1763720118.658719,,,,,,,,
gpt-5_s1_zero_fulldev,gpt-5,openai,DEV,s1_zero.txt,s1_zero.txt,135,24,38,2,71,0.3870967741935484,0.9230769230769231,0.5454545454545454,0.7037037037037037,0.17857699999999993,13.40311851851852,0,0,0,0,False,dev,artifacts/benchmark/stage1/runs/gpt-5_s1_zero_fulldev_20251121_051518,artifacts/benchmark/stage1/runs/gpt-5_s1_zero_fulldev_20251121_051518/metrics_DEV.json,artifacts/benchmark/stage1/runs/gpt-5_s1_zero_fulldev_20251121_051518/predictions_DEV.csv,1763720118.939256,1763721928.809404,,,,,,,,
gpt-5_s1_few_fulldev,gpt-5,openai,DEV,s1_few.txt,s1_few.txt,135,21,19,5,90,0.525,0.8076923076923077,0.6363636363636364,0.8222222222222222,0.18531199999999998,10.31084444444444,1,1,0,1,False,dev,artifacts/benchmark/stage1/runs/gpt-5_s1_few_fulldev_20251121_054529,artifacts/benchmark/stage1/runs/gpt-5_s1_few_fulldev_20251121_054529/metrics_DEV.json,artifacts/benchmark/stage1/runs/gpt-5_s1_few_fulldev_20251121_054529/predictions_DEV.csv,1763721929.102515,1763723321.481465,,,,,,,,
llama3_s1_optimal_fulldev,llama3,ollama,DEV,s1_optimal.txt,s1_optimal.txt,135,25,29,1,80,0.46296296296296297,0.9615384615384616,0.625,0.7777777777777778,0.0,5.138007407407405,4,5,0,4,False,dev,artifacts/benchmark/stage1/runs/llama3_s1_optimal_fulldev_20251125_152543,artifacts/benchmark/stage1/runs/llama3_s1_optimal_fulldev_20251125_152543/metrics_DEV.json,artifacts/benchmark/stage1/runs/llama3_s1_optimal_fulldev_20251125_152543/predictions_DEV.csv,1764102343.619792,1764103037.4890501,,,,,,,,
gpt-5-nano_s1_optimal_fulldev,gpt-5-nano,openai,DEV,s1_optimal.txt,s1_optimal.txt,135,25,49,1,60,0.33783783783783783,0.9615384615384616,0.5,0.6296296296296297,0.008723999999999997,11.303955555555556,1,1,0,1,False,dev,artifacts/benchmark/stage1/runs/gpt-5-nano_s1_optimal_fulldev_20251125_153717,artifacts/benchmark/stage1/runs/gpt-5-nano_s1_optimal_fulldev_20251125_153717/metrics_DEV.json,artifacts/benchmark/stage1/runs/gpt-5-nano_s1_optimal_fulldev_20251125_153717/predictions_DEV.csv,1764103037.833614,1764104564.150319,,,,,,,,
gpt-5-mini_s1_optimal_fulldev,gpt-5-mini,openai,DEV,s1_optimal.txt,s1_optimal.txt,135,23,18,3,91,0.5609756097560976,0.8846153846153846,0.6865671641791045,0.8444444444444444,0.03903199999999998,5.87854074074074,1,1,0,1,False,dev,artifacts/benchmark/stage1/runs/gpt-5-mini_s1_optimal_fulldev_20251125_160244,artifacts/benchmark/stage1/runs/gpt-5-mini_s1_optimal_fulldev_20251125_160244/metrics_DEV.json,artifacts/benchmark/stage1/runs/gpt-5-mini_s1_optimal_fulldev_20251125_160244/predictions_DEV.csv,1764104564.434218,1764105358.268755,,,,,,,,
gpt-5_s1_optimal_fulldev,gpt-5,openai,DEV,s1_optimal.txt,s1_optimal.txt,135,14,3,12,106,0.8235294117647058,0.5384615384615384,0.6511627906976744,0.8888888888888888,0.15636199999999997,5.843370370370368,0,0,0,0,False,dev,artifacts/benchmark/stage1/runs/gpt-5_s1_optimal_fulldev_20251125_161558,artifacts/benchmark/stage1/runs/gpt-5_s1_optimal_fulldev_20251125_161558/metrics_DEV.json,artifacts/benchmark/stage1/runs/gpt-5_s1_optimal_fulldev_20251125_161558/predictions_DEV.csv,1764105358.553468,1764106147.655348,,,,,,,,
llama3_s1_optimal_fulltest,llama3,ollama,TEST,s1_optimal.txt,s1_optimal.txt,60,12,16,3,29,0.42857142857142855,0.8,0.5581395348837209,0.6833333333333333,0.0,5.423166666666668,0,1,0,0,False,dev,artifacts/benchmark/stage1/runs/llama3_s1_optimal_fulltest_20251125_175518,artifacts/benchmark/stage1/runs/llama3_s1_optimal_fulltest_20251125_175518/metrics_TEST.json,artifacts/benchmark/stage1/runs/llama3_s1_optimal_fulltest_20251125_175518/predictions_TEST.csv,1764111318.524183,1764111644.035172,,,,,,,,
gpt-5-nano_s1_optimal_fulltest,gpt-5-nano,openai,TEST,s1_optimal.txt,s1_optimal.txt,60,15,23,0,22,0.39473684210526316,1.0,0.5660377358490566,0.6166666666666667,0.0043040000000000005,12.3202,0,0,0,0,False,dev,artifacts/benchmark/stage1/runs/gpt-5-nano_s1_optimal_fulltest_20251125_180044,artifacts/benchmark/stage1/runs/gpt-5-nano_s1_optimal_fulltest_20251125_180044/metrics_TEST.json,artifacts/benchmark/stage1/runs/gpt-5-nano_s1_optimal_fulltest_20251125_180044/predictions_TEST.csv,1764111644.371616,1764112383.730494,,,,,,,,
gpt-5-mini_s1_optimal_fulltest,gpt-5-mini,openai,TEST,s1_optimal.txt,s1_optimal.txt,60,12,15,3,30,0.4444444444444444,0.8,0.5714285714285714,0.7,0.020538999999999988,7.333366666666665,0,0,0,0,False,dev,artifacts/benchmark/stage1/runs/gpt-5-mini_s1_optimal_fulltest_20251125_181304,artifacts/benchmark/stage1/runs/gpt-5-mini_s1_optimal_fulltest_20251125_181304/metrics_TEST.json,artifacts/benchmark/stage1/runs/gpt-5-mini_s1_optimal_fulltest_20251125_181304/predictions_TEST.csv,1764112384.018883,1764112824.189625,,,,,,,,
gpt-5_s1_optimal_fulltest,gpt-5,openai,TEST,s1_optimal.txt,s1_optimal.txt,60,6,4,9,41,0.6,0.4,0.48,0.7833333333333333,0.07356199999999999,6.416366666666668,0,0,0,0,False,dev,artifacts/benchmark/stage1/runs/gpt-5_s1_optimal_fulltest_20251125_182024,artifacts/benchmark/stage1/runs/gpt-5_s1_optimal_fulltest_20251125_182024/metrics_TEST.json,artifacts/benchmark/stage1/runs/gpt-5_s1_optimal_fulltest_20251125_182024/predictions_TEST.csv,1764112824.5762072,1764113209.675444,,,,,,,,
llama3_s1_optimal_20dev,llama3,ollama,DEV,s1_optimal.txt,s1_optimal.txt,20,7,1,0,12,0.875,1.0,0.9333333333333333,0.95,0.0,5.303300000000001,0,0,0,0,False,dev,artifacts/benchmark/stage1/runs/llama3_s1_optimal_20dev_20251211_025029,artifacts/benchmark/stage1/runs/llama3_s1_optimal_20dev_20251211_025029/metrics_DEV.json,artifacts/benchmark/stage1/runs/llama3_s1_optimal_20dev_20251211_025029/predictions_DEV.csv,1765439429.993129,1765439536.141686,,,,,,,,
llama3_s1_optimal_20dev,llama3,ollama,DEV,s1_optimal.txt,s1_optimal.txt,20,7,1,0,12,0.875,1.0,0.9333333333333333,0.95,0.0,5.7176,0,0,0,0,False,dev,artifacts/benchmark/stage1/runs/llama3_s1_optimal_20dev_20251211_111836,artifacts/benchmark/stage1/runs/llama3_s1_optimal_20dev_20251211_111836/metrics_DEV.json,artifacts/benchmark/stage1/runs/llama3_s1_optimal_20dev_20251211_111836/predictions_DEV.csv,1765469916.967691,1765470031.390236,,,,,,,,
llama3_s1_optimal_10dev,llama3,ollama,DEV,s1_optimal.txt,,10,2,0,0,8,1.0,1.0,1.0,1.0,0.0,7.175199999999999,1,1,0,1,,smoke,artifacts/benchmark/stage1/runs/llama3_s1_optimal_10dev_20251221_074932_b1_20251221_074932,artifacts/benchmark/stage1/runs/llama3_s1_optimal_10dev_20251221_074932_b1_20251221_074932/metrics.json,artifacts/benchmark/stage1/runs/llama3_s1_optimal_10dev_20251221_074932_b1_20251221_074932/predictions.csv,1766303372.528743,1766303444.315285,1bda5bf8ac4bc5502b3541547d2f6c24852c7bc1,1bda5bf-dirty,True,10,4de1fabe9c11eb7fcf732ea2904da006529e83a18011f8134dfb980f43750ced,artifacts/benchmark/stage1/runs/llama3_s1_optimal_10dev_20251221_074932_b1_20251221_074932/raw_io.jsonl,b1_20251221_074932,
