course_code,course_title_final,college_list,total_negative_posts,total_pain_point_posts,num_clusters,top_issue_labels,schema_version
AFT2,Accreditation Audit,School of Business,2,1,1,unclear_or_ambiguous_instructions,1.0.0
C100,Introduction to Humanities,Leavitt School of Health; School of Business; School of Education; School of Technology,2,0,0,,1.0.0
C165,Integrated Physical Sciences,Leavitt School of Health; School of Business; School of Education; School of Technology,13,2,2,"assessment_material_misalignment, missing_or_low_quality_materials",1.0.0
C168,Critical Thinking and Logic,Leavitt School of Health; School of Business; School of Education; School of Technology,1,0,0,,1.0.0
C172,Network and Security - Foundations,School of Business; School of Technology,1,0,0,,1.0.0
C180,Introduction to Psychology,Leavitt School of Health; School of Business; School of Technology,2,1,1,assessment_material_misalignment,1.0.0
C182,Introduction to IT,School of Business; School of Technology,5,0,0,,1.0.0
C190,Introduction to Biology,Leavitt School of Health; School of Business; School of Education; School of Technology,6,3,3,"evaluator_inconsistency_or_poor_feedback, instructor_or_support_unresponsiveness, workflow_or_policy_barriers",1.0.0
C200,Managing Organizations and Leading People,School of Business,6,4,4,"ai_detection_confusion_and_false_flags, evaluator_inconsistency_or_poor_feedback, missing_or_low_quality_materials",1.0.0
C201,Business Acumen,School of Business,2,0,0,,1.0.0
C202,Managing Human Capital,School of Business,3,0,0,,1.0.0
C204,Management Communication,School of Business,5,2,2,"missing_or_broken_resources, unclear_or_ambiguous_instructions",1.0.0
C206,Ethical Leadership,School of Business,1,0,0,,1.0.0
C207,Data-Driven Decision Making,School of Business,16,4,2,"evaluator_inconsistency_or_poor_feedback, assessment_material_misalignment",1.0.0
C210,Management and Leadership Capstone,School of Business,1,1,1,tooling_environment_misconfiguration_or_guidance,1.0.0
C211,Global Economics for Managers,School of Business,24,5,4,"instructor_or_support_unresponsiveness, assessment_material_misalignment",1.0.0
C212,Marketing,School of Business,1,1,1,unclear_or_ambiguous_instructions,1.0.0
C213,Accounting for Decision Makers,School of Business,15,4,4,"assessment_material_misalignment, missing_or_broken_resources, proctoring_or_exam_platform_issues",1.0.0
C214,Financial Management,School of Business,26,8,4,"assessment_material_misalignment, platform_or_environment_failures, missing_or_broken_resources",1.0.0
C215,Operations Management,School of Business,10,0,0,,1.0.0
C216,MBA Capstone,School of Business,6,2,2,"platform_or_environment_failures, tooling_environment_misconfiguration_or_guidance",1.0.0
C218,"MBA, Information Technology Management Capstone",School of Business,2,0,0,,1.0.0
C237,Taxation I,School of Business,2,1,1,assessment_material_misalignment,1.0.0
C268,Spreadsheets,School of Business; School of Technology,4,3,2,"external_tool_dependency_risks, platform_or_environment_failures",1.0.0
C273,Introduction to Sociology,Leavitt School of Health; School of Business,2,0,0,,1.0.0
C458,"Health, Fitness, and Wellness",Leavitt School of Health; School of Business; School of Education; School of Technology,1,1,1,assessment_material_misalignment,1.0.0
C464,Introduction to Communication,Leavitt School of Health; School of Business; School of Education; School of Technology,1,0,0,,1.0.0
C483,Principles of Management,Leavitt School of Health; School of Business; School of Technology,6,2,2,"assessment_material_misalignment, missing_or_low_quality_materials",1.0.0
C484,Organizational Behavior and Leadership,School of Technology,1,0,0,,1.0.0
C715,Organizational Behavior,Leavitt School of Health; School of Business; School of Technology,3,2,2,"assessment_material_misalignment, missing_or_broken_resources",1.0.0
C716,Business Communication,School of Business,5,4,3,"unclear_or_ambiguous_instructions, workload_or_scope_issues",1.0.0
C717,Business Ethics,Leavitt School of Health; School of Business; School of Technology,5,2,2,ai_detection_confusion_and_false_flags,1.0.0
C720,Operations and Supply Chain Management,School of Business,5,0,0,,1.0.0
C721,Change Management,School of Business; School of Technology,1,0,0,,1.0.0
C722,Project Management,School of Business,4,1,1,missing_or_low_quality_materials,1.0.0
C723,Quantitative Analysis For Business,School of Business,9,2,2,"missing_or_broken_resources, workload_or_scope_issues",1.0.0
C724,Information Systems Management,School of Business; School of Technology,3,0,0,,1.0.0
C773,User Interface Design,School of Technology,3,2,2,"evaluator_inconsistency_or_poor_feedback, workflow_or_policy_barriers",1.0.0
C777,Web Development Applications,School of Technology,24,9,6,"proctoring_or_exam_platform_issues, assessment_material_misalignment, missing_or_low_quality_materials",1.0.0
C783,Project Management,School of Technology,1,1,1,evaluator_inconsistency_or_poor_feedback,1.0.0
C803,Data Analytics and Information Governance,Leavitt School of Health; School of Technology,2,1,1,unclear_or_ambiguous_instructions,1.0.0
C805,Pathophysiology,Leavitt School of Health; School of Technology,1,0,0,,1.0.0
C810,Foundations in Healthcare Data Management,Leavitt School of Health; School of Technology,3,1,1,grading_or_answer_key_or_process_issues,1.0.0
C816,Healthcare System Applications,Leavitt School of Health,2,2,2,"assessment_material_misalignment, evaluator_inconsistency_or_poor_feedback",1.0.0
C843,Managing Information Security,School of Technology,4,3,2,evaluator_inconsistency_or_poor_feedback,1.0.0
C844,Emerging Technologies in Cybersecurity,School of Technology,2,0,0,,1.0.0
C845,Information Systems Security,School of Technology,4,1,1,unclear_or_ambiguous_instructions,1.0.0
C867,Scripting and Programming - Applications,School of Technology,5,1,1,unclear_or_ambiguous_instructions,1.0.0
C927,Managing Technology Operations and Innovation,School of Technology,1,1,1,missing_or_low_quality_materials,1.0.0
C948,Technical Communication,School of Technology,1,1,1,evaluator_inconsistency_or_poor_feedback,1.0.0
C949,Data Structures and Algorithms I,School of Technology,12,3,3,"assessment_material_misalignment, missing_or_low_quality_materials",1.0.0
C952,Computer Architecture,School of Technology,6,1,1,assessment_material_misalignment,1.0.0
C954,Information Technology Management,School of Technology,2,1,1,assessment_material_misalignment,1.0.0
C955,Applied Probability and Statistics,Leavitt School of Health; School of Business; School of Education; School of Technology,15,0,0,,1.0.0
C957,Applied Algebra,Leavitt School of Health; School of Business; School of Technology,10,1,1,workload_or_scope_issues,1.0.0
C958,Calculus I,School of Technology,3,1,1,workload_or_scope_issues,1.0.0
C959,Discrete Mathematics I,School of Technology,4,2,2,assessment_material_misalignment,1.0.0
C960,Discrete Mathematics II,School of Technology,11,3,2,"assessment_material_misalignment, missing_or_low_quality_materials",1.0.0
C962,Current and Emerging Technology,School of Technology,1,0,0,,1.0.0
C963,American Politics and the US Constitution,Leavitt School of Health; School of Business; School of Education; School of Technology,4,1,2,instructor_or_support_unresponsiveness,1.0.0
C968,Software I – C#,School of Technology,1,0,0,,1.0.0
C969,Software II – Advanced C#,School of Technology,2,2,3,tooling_environment_misconfiguration_or_guidance,1.0.0
D072,Fundamentals for Success in Business,School of Business,6,2,2,"evaluator_inconsistency_or_poor_feedback, workflow_or_policy_barriers",1.0.0
D075,Information Technology Management Essentials,School of Business,6,1,1,unclear_or_ambiguous_instructions,1.0.0
D076,Finance Skills for Managers,School of Business,10,2,2,"assessment_material_misalignment, missing_or_low_quality_materials",1.0.0
D077,"Concepts in Marketing, Sales, and Customer Contact",School of Business,3,1,1,assessment_material_misalignment,1.0.0
D078,Business Environment Applications I: Business Structures and Legal Environment,School of Business,3,2,2,"platform_or_environment_failures, unclear_or_ambiguous_instructions",1.0.0
D080,Managing in a Global Business Environment,School of Business,16,5,4,"assessment_material_misalignment, scheduling_or_simulation_availability_issues, workflow_or_policy_barriers",1.0.0
D081,Innovative and Strategic Thinking,School of Business,2,1,1,external_tool_dependency_risks,1.0.0
D082,Emotional and Cultural Intelligence,School of Business,1,0,0,,1.0.0
D089,Principles of Economics,School of Business,4,1,1,assessment_material_misalignment,1.0.0
D099,Sales Management,School of Business,7,1,1,evaluator_inconsistency_or_poor_feedback,1.0.0
D100,Introduction to Spreadsheets,School of Business; School of Technology,2,2,2,"missing_or_low_quality_materials, platform_or_environment_failures",1.0.0
D101,Cost and Managerial Accounting,School of Business,15,7,4,"missing_or_low_quality_materials, assessment_material_misalignment, ai_detection_confusion_and_false_flags",1.0.0
D102,Financial Accounting,School of Business,18,3,3,missing_or_low_quality_materials,1.0.0
D103,Intermediate Accounting I,School of Business,15,3,2,"missing_or_low_quality_materials, assessment_material_misalignment",1.0.0
D174,Marketing Management,School of Business,2,0,0,,1.0.0
D184,Standards-Based Assessment,School of Education,3,1,1,assessment_material_misalignment,1.0.0
D196,Principles of Financial and Managerial Accounting,School of Business,22,9,6,"platform_or_environment_failures, assessment_material_misalignment, unclear_or_ambiguous_instructions",1.0.0
D197,Version Control,School of Technology,19,11,4,"unclear_or_ambiguous_instructions, platform_or_environment_failures, missing_or_low_quality_materials",1.0.0
D198,Global Arts and Humanities,Leavitt School of Health; School of Business; School of Education; School of Technology,1,0,0,,1.0.0
D203,Fundamentals of Anatomy and Physiology,Leavitt School of Health,1,1,1,proctoring_or_exam_platform_issues,1.0.0
D216,Business Law for Accountants,School of Business,14,1,1,assessment_material_misalignment,1.0.0
D235,Interprofessional Communication and Leadership in Healthcare,Leavitt School of Health,1,0,0,,1.0.0
D236,Pathophysiology,Leavitt School of Health,1,0,0,,1.0.0
D246,Influential Communication through Visual Design and Storytelling,Leavitt School of Health; School of Business,1,0,0,,1.0.0
D250,Governmental and Nonprofit Accounting,School of Business,1,0,0,,1.0.0
D251,Advanced Auditing,School of Business,1,0,0,,1.0.0
D253,Values-Based Leadership,School of Business,2,0,0,,1.0.0
D255,Professional Practice Experience I: Technical,School of Business,2,1,1,unclear_or_ambiguous_instructions,1.0.0
D265,Critical Thinking: Reason and Evidence,Leavitt School of Health; School of Business; School of Education; School of Technology,12,1,1,assessment_material_misalignment,1.0.0
D267,US History: Stories of American Democracy,School of Business; School of Education,1,0,0,,1.0.0
D268,Introduction to Communication: Connecting with Others,Leavitt School of Health; School of Business; School of Education; School of Technology,5,3,3,"unclear_or_ambiguous_instructions, evaluator_inconsistency_or_poor_feedback, instructor_or_support_unresponsiveness",1.0.0
D269,Composition: Writing with a Strategy,Leavitt School of Health; School of Business; School of Education; School of Technology,1,0,0,,1.0.0
D270,Composition: Successful Self-Expression,Leavitt School of Health; School of Business; School of Education; School of Technology,2,2,2,"missing_or_broken_resources, workflow_or_policy_barriers",1.0.0
D276,Web Development Foundations,School of Technology,11,5,4,"platform_or_environment_failures, missing_or_broken_resources, missing_or_low_quality_materials",1.0.0
D277,Front-End Web Development,School of Technology,14,7,6,"evaluator_inconsistency_or_poor_feedback, instructor_or_support_unresponsiveness, external_tool_dependency_risks",1.0.0
D278,Scripting and Programming - Foundations,School of Technology,12,7,5,"assessment_material_misalignment, missing_or_low_quality_materials, proctoring_or_exam_platform_issues",1.0.0
D279,User Interface Design,School of Technology,4,2,2,"missing_or_low_quality_materials, unclear_or_ambiguous_instructions",1.0.0
D280,JavaScript Programming,School of Technology,14,6,4,"external_tool_dependency_risks, unclear_or_ambiguous_instructions, missing_or_low_quality_materials",1.0.0
D281,Linux Foundations,School of Technology,8,3,2,"proctoring_or_exam_platform_issues, missing_or_low_quality_materials",1.0.0
D282,Cloud Foundations,School of Technology,10,2,2,"assessment_material_misalignment, tooling_environment_misconfiguration_or_guidance",1.0.0
D284,Software Engineering,School of Technology,2,2,2,unclear_or_ambiguous_instructions,1.0.0
D286,Java Fundamentals,School of Technology,6,2,3,"grading_or_answer_key_or_process_issues, assessment_material_misalignment, tooling_environment_misconfiguration_or_guidance",1.0.0
D287,Java Frameworks,School of Technology,16,11,6,"unclear_or_ambiguous_instructions, missing_or_broken_resources, tooling_environment_misconfiguration_or_guidance",1.0.0
D288,Back-End Programming,School of Technology,21,9,5,"platform_or_environment_failures, missing_or_broken_resources, unclear_or_ambiguous_instructions",1.0.0
D294,Learning Technology,School of Education; School of Technology,1,0,0,,1.0.0
D313,Anatomy and Physiology II with Lab,Leavitt School of Health,1,1,1,assessment_material_misalignment,1.0.0
D315,Network and Security - Foundations,School of Technology,7,3,1,assessment_material_misalignment,1.0.0
D316,IT Foundations,School of Technology,7,0,0,,1.0.0
D317,IT Applications,School of Technology,8,2,2,"assessment_material_misalignment, unclear_or_ambiguous_instructions",1.0.0
D318,Cloud Applications,School of Technology,1,0,0,,1.0.0
D320,Managing Cloud Security,School of Technology,1,0,0,,1.0.0
D322,Introduction to IT,School of Technology,6,2,1,assessment_material_misalignment,1.0.0
D324,Business of IT - Project Management,School of Technology,4,2,2,"missing_or_broken_resources, unclear_or_ambiguous_instructions",1.0.0
D325,Networks,School of Technology,5,1,2,workflow_or_policy_barriers,1.0.0
D326,Advanced Data Management,School of Technology,1,0,0,,1.0.0
D329,Network and Security - Applications,School of Technology,1,1,1,workflow_or_policy_barriers,1.0.0
D330,Data Systems Administration,School of Technology,3,3,2,assessment_material_misalignment,1.0.0
D333,Ethics in Technology,School of Business; School of Technology,14,5,2,"assessment_material_misalignment, unclear_or_ambiguous_instructions",1.0.0
D334,Introduction to Cryptography,School of Technology,9,2,2,"assessment_material_misalignment, missing_or_low_quality_materials",1.0.0
D335,Introduction to Programming in Python,School of Technology,27,6,4,"tooling_environment_misconfiguration_or_guidance, assessment_material_misalignment, evaluator_inconsistency_or_poor_feedback",1.0.0
D336,Business of IT - Applications,School of Technology,11,3,3,"missing_or_low_quality_materials, proctoring_or_exam_platform_issues, workflow_or_policy_barriers",1.0.0
D337,Internet of Things (IoT) and Infrastructure,School of Technology,1,0,0,,1.0.0
D339,Technical Communication,School of Technology,1,0,0,,1.0.0
D351,Functions of Human Resource Management,School of Business,8,3,2,assessment_material_misalignment,1.0.0
D355,Total Rewards,School of Business,2,1,1,platform_or_environment_failures,1.0.0
D363,Personal Finance,School of Business,5,3,3,"assessment_material_misalignment, grading_or_answer_key_or_process_issues",1.0.0
D366,Financial Statement Analysis,School of Business,6,0,0,,1.0.0
D370,IT Leadership Foundations,School of Technology,2,2,2,"missing_or_broken_resources, platform_or_environment_failures",1.0.0
D372,Introduction to Systems Thinking,School of Technology,3,0,0,,1.0.0
D378,Digital Marketing Science,School of Business,1,1,1,assessment_material_misalignment,1.0.0
D382,Digital Marketing Analytics,School of Business,1,0,0,,1.0.0
D384,Marketing Experiential Capstone,School of Business,1,0,0,,1.0.0
D385,Software Security and Testing,School of Technology,8,4,2,"grading_or_answer_key_or_process_issues, unclear_or_ambiguous_instructions",1.0.0
D386,Hardware and Operating Systems Essentials,School of Technology,1,0,0,,1.0.0
D387,Advanced Java,School of Technology,4,2,2,tooling_environment_misconfiguration_or_guidance,1.0.0
D388,Fundamentals of Spreadsheets and Data Presentations,School of Business; School of Technology,5,3,2,"grading_or_answer_key_or_process_issues, tooling_environment_misconfiguration_or_guidance",1.0.0
D389,Learning Strategies in Higher Education,Leavitt School of Health,2,1,2,"missing_or_low_quality_materials, unclear_or_ambiguous_instructions",1.0.0
D391,Healthcare Ecosystems,Leavitt School of Health,1,0,0,,1.0.0
D398,Introduction to Pharmacology,Leavitt School of Health,3,2,2,"assessment_material_misalignment, instructor_or_support_unresponsiveness",1.0.0
D412,Network Analytics and Troubleshooting,School of Technology,4,3,3,"platform_or_environment_failures, tooling_environment_misconfiguration_or_guidance, unclear_or_ambiguous_instructions",1.0.0
D413,Telecomm and Wireless Communications,School of Technology,1,1,1,assessment_material_misalignment,1.0.0
D414,Cyber Operations Fundamentals,School of Technology,1,0,0,,1.0.0
D421,Discrete Math: Functions and Relations,School of Technology,1,0,0,,1.0.0
D422,Discrete Math: Algorithms and Cryptography,School of Technology,1,1,1,missing_or_low_quality_materials,1.0.0
D425,Introduction to Chemistry,Leavitt School of Health,1,0,0,,1.0.0
D426,Data Management - Foundations,School of Technology,16,5,3,"assessment_material_misalignment, platform_or_environment_failures, workflow_or_policy_barriers",1.0.0
D427,Data Management - Applications,School of Technology,29,10,6,"assessment_material_misalignment, platform_or_environment_failures, grading_or_answer_key_or_process_issues",1.0.0
D430,Fundamentals of Information Security,School of Technology,5,1,1,missing_or_low_quality_materials,1.0.0
D431,Digital Forensics in Cybersecurity,School of Technology,5,0,0,,1.0.0
D432,HR Compliance and Employee Relations,School of Business,2,1,1,missing_or_broken_resources,1.0.0
D434,Future Focused Total Rewards,School of Business,1,0,0,,1.0.0
D435,HR Technology and People Analytics,School of Business,3,0,0,,1.0.0
D464,Managing Operations,School of Business,5,3,3,"assessment_material_misalignment, instructor_or_support_unresponsiveness, platform_or_environment_failures",1.0.0
D465,Data Applications,School of Business,1,1,1,unclear_or_ambiguous_instructions,1.0.0
D467,Exploring Data,School of Business,2,1,1,assessment_material_misalignment,1.0.0
D479,User Experience Design,School of Technology,1,1,1,workflow_or_policy_barriers,1.0.0
D481,Security Foundations,School of Technology,2,1,2,workflow_or_policy_barriers,1.0.0
D482,Secure Network Design,School of Technology,2,1,1,missing_or_low_quality_materials,1.0.0
D483,Security Operations,School of Technology,7,5,4,"missing_or_broken_resources, unclear_or_ambiguous_instructions, assessment_material_misalignment",1.0.0
D484,Penetration Testing,School of Technology,1,0,0,,1.0.0
D485,Cloud Security,School of Technology,3,1,1,platform_or_environment_failures,1.0.0
D486,"Governance, Risk, and Compliance",School of Technology,3,2,2,"missing_or_broken_resources, unclear_or_ambiguous_instructions",1.0.0
D487,Secure Software Design,School of Technology,17,4,3,"assessment_material_misalignment, proctoring_or_exam_platform_issues, unclear_or_ambiguous_instructions",1.0.0
D488,Cybersecurity Architecture and Engineering,School of Technology,7,1,1,missing_or_broken_resources,1.0.0
D489,Cybersecurity Management,School of Technology,2,1,1,unclear_or_ambiguous_instructions,1.0.0
D490,Cybersecurity Graduate Capstone,School of Technology,2,1,1,evaluator_inconsistency_or_poor_feedback,1.0.0
D491,Introduction to Analytics,School of Technology,2,0,0,,1.0.0
D492,Data Analytics - Applications,School of Technology,1,1,1,platform_or_environment_failures,1.0.0
D493,D493 – Scripting and Programming - Applications,School of Technology,1,1,1,missing_or_low_quality_materials,1.0.0
D522,Python for IT Automation,School of Technology,11,2,2,"instructor_or_support_unresponsiveness, platform_or_environment_failures",1.0.0
D545,"Healthcare Administration Evolution, Systems, and Leadership",School of Business,2,0,0,,1.0.0
D546,Healthcare Policy and Governance,School of Business,1,1,1,evaluator_inconsistency_or_poor_feedback,1.0.0
D547,Evidence-Based Healthcare Administration,School of Business,1,1,1,unclear_or_ambiguous_instructions,1.0.0
D550,Ethics for Accountants,School of Business,1,0,0,,1.0.0
D551,Fraud and Forensic Accounting,School of Business,1,0,0,,1.0.0
D553,Data Analytics for Accountants II,School of Business,2,1,1,grading_or_answer_key_or_process_issues,1.0.0
D554,Advanced Financial Accounting I,School of Business,1,1,1,missing_or_low_quality_materials,1.0.0
D557,Corporate Taxation,School of Business,1,1,1,unclear_or_ambiguous_instructions,1.0.0
D560,Internal Auditing I,School of Business,1,1,1,assessment_material_misalignment,1.0.0
D564,Theories of Personality,Leavitt School of Health,5,2,2,"platform_or_environment_failures, workflow_or_policy_barriers",1.0.0
D567,Social Psychology,Leavitt School of Health,1,0,0,,1.0.0
D570,Cognitive Psychology,Leavitt School of Health,3,0,0,,1.0.0
D571,Psychopathology,Leavitt School of Health,3,3,3,"evaluator_inconsistency_or_poor_feedback, assessment_material_misalignment, missing_or_broken_resources",1.0.0
D572,Career and Lifelong Learning,Leavitt School of Health,1,1,1,unclear_or_ambiguous_instructions,1.0.0
D573,Understanding Substance Abuse & Addiction,Leavitt School of Health,1,1,2,"evaluator_inconsistency_or_poor_feedback, unclear_or_ambiguous_instructions",1.0.0
D577,Team Dynamics,Leavitt School of Health,1,1,1,scheduling_or_simulation_availability_issues,1.0.0
D582,Introduction to Statistics for Research,Leavitt School of Health,3,0,0,,1.0.0
D583,Foundations in Public Health,Leavitt School of Health,1,0,0,,1.0.0
D596,The Data Analytics Journey,School of Technology,5,3,2,unclear_or_ambiguous_instructions,1.0.0
D597,Data Management,School of Technology,10,4,3,"unclear_or_ambiguous_instructions, missing_or_broken_resources, platform_or_environment_failures",1.0.0
D598,Analytics Programming,School of Technology,2,1,1,evaluator_inconsistency_or_poor_feedback,1.0.0
D599,Data Preparation and Exploration,School of Technology,3,2,2,"grading_or_answer_key_or_process_issues, missing_or_low_quality_materials",1.0.0
D600,Statistical Data Mining,School of Technology,3,2,2,"missing_or_low_quality_materials, unclear_or_ambiguous_instructions",1.0.0
D601,Data Storytelling for Varied Audiences,School of Technology,1,1,1,workflow_or_policy_barriers,1.0.0
D602,D602 – Deployment,School of Technology,12,5,3,"unclear_or_ambiguous_instructions, missing_or_broken_resources, tooling_environment_misconfiguration_or_guidance",1.0.0
D603,Machine Learning,School of Technology,1,1,1,unclear_or_ambiguous_instructions,1.0.0
D604,Advanced Analytics,School of Technology,1,1,3,"assessment_material_misalignment, tooling_environment_misconfiguration_or_guidance, unclear_or_ambiguous_instructions",1.0.0
D607,Cloud Databases,School of Technology,1,1,1,unclear_or_ambiguous_instructions,1.0.0
D608,Data Processing,School of Technology,1,1,1,missing_or_broken_resources,1.0.0
D619,Global Health,Leavitt School of Health,1,1,1,unclear_or_ambiguous_instructions,1.0.0
D635,Practices for Inclusive Classrooms,School of Education,3,2,2,"assessment_material_misalignment, unclear_or_ambiguous_instructions",1.0.0
D644,Foundations of Strategic Communications,School of Business,1,1,1,assessment_material_misalignment,1.0.0
D645,Crafting a Communications Strategy Through Research and Data Insights,School of Business,1,1,2,"missing_or_low_quality_materials, unclear_or_ambiguous_instructions",1.0.0
D652,Design Applications,School of Business,1,1,1,evaluator_inconsistency_or_poor_feedback,1.0.0
D658,Planning Instructional Strategies for Meaningful Learning,School of Education,3,1,1,unclear_or_ambiguous_instructions,1.0.0
D659,Assessing and Monitoring Student Learning,School of Education,3,3,2,"missing_or_low_quality_materials, scheduling_or_simulation_availability_issues",1.0.0
D660,Instructional Technology and Online Pedagogy,School of Education,3,3,2,"unclear_or_ambiguous_instructions, evaluator_inconsistency_or_poor_feedback",1.0.0
D661,Creating Positive Learning Environments,School of Education,4,0,0,,1.0.0
D662,Personalized Learning for Inclusive Classrooms,School of Education,3,1,1,unclear_or_ambiguous_instructions,1.0.0
D663,The Professional Educator,School of Education,2,2,2,unclear_or_ambiguous_instructions,1.0.0
D664,Learners and Learning Science,School of Education,8,2,2,assessment_material_misalignment,1.0.0
D670,Elementary Literacy Methods,School of Education,2,2,2,"missing_or_low_quality_materials, unclear_or_ambiguous_instructions",1.0.0
D671,Elementary Science Curriculum,School of Education,1,0,0,,1.0.0
D675,Elementary Literacy Methods,School of Education,3,2,2,"missing_or_low_quality_materials, unclear_or_ambiguous_instructions",1.0.0
D676,Early Literacy Methods,School of Education,3,2,2,"platform_or_environment_failures, scheduling_or_simulation_availability_issues",1.0.0
D677,Elementary Literacy Curriculum,School of Education,1,1,1,assessment_material_misalignment,1.0.0
D681,Elementary Social Studies Methods,School of Education,1,0,0,,1.0.0
D684,Introduction to Computer Science,School of Technology,3,0,0,,1.0.0
D685,Practical Applications of Prompt,School of Technology,2,1,1,platform_or_environment_failures,1.0.0
D686,Operating Systems for Computer Scientists,School of Technology,3,0,0,,1.0.0
D688,Foundations of Literacy Through Literature,School of Education,2,1,2,evaluator_inconsistency_or_poor_feedback,1.0.0
D689,Literacy Assessment and Interventions,School of Education,1,1,1,workflow_or_policy_barriers,1.0.0
D691,Elementary Mathematics Curriculum,School of Education,2,0,0,,1.0.0
D692,Early Mathematics Methods and Interventions,School of Education,1,0,0,,1.0.0
D696,Foundations of Literacy Through Literature,School of Education,2,2,1,unclear_or_ambiguous_instructions,1.0.0
D697,Literacy Assessment and Interventions,School of Education,1,1,1,missing_or_broken_resources,1.0.0
D699,Elementary Mathematics Curriculum,School of Education,4,0,0,,1.0.0
D756,Individualized Education Plan (IEP) Collaboration and Communication with Parents and School Staff,School of Education,1,1,1,platform_or_environment_failures,1.0.0
D771,Quantitative Literacy,School of Education,2,0,0,,1.0.0
D772,Statistical Data Literacy,School of Education,3,0,0,,1.0.0
D774,Introduction to Business Accounting,School of Business,3,2,2,"missing_or_low_quality_materials, unclear_or_ambiguous_instructions",1.0.0
D775,Introduction to Business Finance,School of Business,3,1,1,missing_or_low_quality_materials,1.0.0
D776,Healthcare Leadership and Community Engagement,School of Business,1,1,1,missing_or_broken_resources,1.0.0
D779,Software Product Design and Requirement Engineering,School of Technology,1,0,0,,1.0.0
D802,Deep Learning,School of Technology,1,0,0,,1.0.0
D807,General Secondary Methods,School of Education,1,0,0,,1.0.0
D848,General Earth Science I Lab,School of Education,1,1,1,external_tool_dependency_risks,1.0.0
D904,Algebra for Secondary Mathematics Teaching,School of Education,1,1,1,proctoring_or_exam_platform_issues,1.0.0
MGT2,MGT2 – IT Project Management,School of Business,2,1,1,unclear_or_ambiguous_instructions,1.0.0
QHT1,Business Management Tasks,School of Business,2,2,1,missing_or_broken_resources,1.0.0
